hash	title	auto_verified	verified	checked	file_loc	citation	len(ref_list)
('Fifty years of graph matching, network alignment and network comparison', 2016)	Fifty years of graph matching, network alignment and network comparison	1	1	1	./bibliographies\database1.txt	Frank Emmert-Streib, Matthias Dehmer, Yongtang Shi, Fifty years of graph matching network alignment and network comparison	125
('A linear programming approach for the weighted graph matching problem', 1993)	A linear programming approach for the weighted graph matching problem	1	1	1	./bibliographies\database10.txt	H. A. Almohamad, S. O. Duffuaa, A linear programming approach for the weighted graph matching problem	12
('Pattern recognition by homomorphic graph matching using Hopfield neural networks', 1995)	Pattern recognition by homomorphic graph matching using Hopfield neural networks	1	1	1	./bibliographies\database100.txt	P N Suganthan, E K Teoh, D P Mital, Pattern recognition by homomorphic graph matching using Hopfield neural networks	47
('Retinal Fundus Image Registration via Vascular Structure Graph Matching', 2010)	Retinal Fundus Image Registration via Vascular Structure Graph Matching	1	1	1	./bibliographies\database101.txt	Kexin Deng, Jie Tian,Jian Zheng, Xing Zhang, Xiaoqian Dai, Min Xu, Retinal fundus image registration via vascular structure graph matching	33
('Hadamard equivalence via graph isomorphism', 1979)	Hadamard equivalence via graph isomorphism	1	1	1	./bibliographies\database104.txt	Brendan D McKay, Hadamard equivalence via graph isomorphism	1
('Symbol recognition in electrical diagrams using probabilistic graph matching', 1985)	Symbol recognition in electrical diagrams using probabilistic graph matching	1	1	1	./bibliographies\database105.txt	Frans C A Groen, Arthur C Sanderson, John F Schlag, Symbol recognition in electrical diagrams using probabilistic graph matching	11
('Parallel algorithms for permutation groups and graph isomorphism', 1986)	Parallel algorithms for permutation groups and graph isomorphism	1	1	1	./bibliographies\database106.txt	Eugene M. Luks, Parallel algorithms for permutation groups and graph isomorphism	29
('A Randomized Heuristic for Scene Recognition by Graph Matching', 2004)	A Randomized Heuristic for Scene Recognition by Graph Matching	1	1	1	./bibliographies\database107.txt	Maria C. Boeres, Celso C. Ribeiro, Isabelle Bloch, A Randomized Heuristic for Scene Recognition by Graph Matching	21
('DOGMA: A Disk-Oriented Graph Matching Algorithm for RDF Databases', 2009)	DOGMA: A Disk-Oriented Graph Matching Algorithm for RDF Databases	1	1	1	./bibliographies\database108.txt	Matthias Br√∂cheler, Andrea Pugliese, V. S. Subrahmanian, DOGMA: A Disk-Oriented Graph Matching Algorithm for RDF Databases	23
('A classical approach to the graph isomorphism problem using quantum walks', 2008)	A classical approach to the graph isomorphism problem using quantum walks	1	1	1	./bibliographies\database109.txt	Brendan L Douglas, Jingbo B Wang, A classical approach to the graph isomorphism problem using quantum walks	17
('Recent developments in graph matching', 'None')	Recent developments in graph matching	1	1	1	./bibliographies\database11.txt	H. Bunke, Recent developments in graph matching	0
('Conceptual graph matching: a flexible algorithm and experiments', 1992)	Conceptual graph matching: a flexible algorithm and experiments	1	1	1	./bibliographies\database110.txt	SUNG H. MYAENG, AURELIO LOPEZ-LOPEZ, Conceptual graph matching: a flexible algorithm and experiments	8
('Detecting Self-mutating Malware Using Control-Flow Graph Matching', 2006)	Detecting Self-mutating Malware Using Control-Flow Graph Matching	1	1	1	./bibliographies\database111.txt	Danilo Bruschi, Lorenzo Martignoni, Mattia Monga, Detecting Self-mutating Malware Using Control-Flow Graph Matching	23
('Graph matching through entropic manifold alignment', 2011)	Graph matching through entropic manifold alignment	1	1	1	./bibliographies\database112.txt	Francisco Escolano, Edwin Hancock, Miguel Lozano, Graph matching through entropic manifold alignment	28
('Deformable Graph Matching', 2013)	Deformable Graph Matching	1	1	1	./bibliographies\database113.txt	Feng Zhou, Fernando de la Torre, Deformable Graph Matching	29
('A new algorithm for inexact graph matching', 'None')	A new algorithm for inexact graph matching	1	1	1	./bibliographies\database114.txt	A. Hlaoui, Shengrui Wang, A new algorithm for inexact graph matching	0
('A Graph Matching Based Approach to Fingerprint Classification Using Directional Variance', 2005)	A Graph Matching Based Approach to Fingerprint Classification Using Directional Variance	1	1	1	./bibliographies\database115.txt	Michel Neuhaus, Horst Bunke, A Graph Matching Based Approach to Fingerprint Classification Using Directional Variance	20
('Information Retrieval with Conceptual Graph Matching', 2000)	Information Retrieval with Conceptual Graph Matching	1	1	1	./bibliographies\database116.txt	Manuel Montes-y-G√≥mez, Aurelio L√≥pez-L√≥pez, Alexander Gelbukh, Information Retrieval with Conceptual Graph Matching	11
('Opcode graph similarity and metamorphic detection', 2012)	Opcode graph similarity and metamorphic detection	1	1	1	./bibliographies\database117.txt	Neha Runwal, Richard M. Low, Mark Stamp, Opcode graph similarity and metamorphic detection	33
('Learning with Preknowledge: Clustering with Point and Graph Matching Distance Measures', 1996)	Learning with Preknowledge: Clustering with Point and Graph Matching Distance Measures	1	1	1	./bibliographies\database118.txt	Steven Gold, Anand Rangarajan, Eric Mjolsness, Learning with Preknowledge: Clustering with Point and Graph Matching Distance Measures	13
('Secondary-structure matching (SSM), a new tool for fast protein structure alignment in three dimensions', 2004)	Secondary-structure matching (SSM), a new tool for fast protein structure alignment in three dimensions	1	1	1	./bibliographies\database119.txt	E. Krissinel, K. Henrick, Secondary-structure matching (SSM) a new tool for fast protein structure alignment in three dimensions	56
('THIRTY YEARS OF GRAPH MATCHING IN PATTERN RECOGNITION', 2004)	THIRTY YEARS OF GRAPH MATCHING IN PATTERN RECOGNITION	1	1	1	./bibliographies\database12.txt	D. Conte, P. Foggia, C. Sansone, M. Vento, Thirty years of graph matching in pattern recognition	174
('Graph-Based Molecular Alignment (GMA)', 2007)	Graph-Based Molecular Alignment (GMA)	1	1	1	./bibliographies\database120.txt	J. Marialke, R. K√∂rner, S. Tietze, Joannis Apostolakis, Graph-Based Molecular Alignment (GMA)	21
('Efficient Entity Translation Mining', 2012)	Efficient Entity Translation Mining	1	1	1	./bibliographies\database121.txt	Gae-Won You, Seung-Won Hwang, Young-In Song, Long Jiang, Zaiqing Nie, Efficient Entity Translation Mining	32
('From protein interactions to functional annotation: graph alignment in Herpes', 2008)	From protein interactions to functional annotation: graph alignment in Herpes	1	1	1	./bibliographies\database122.txt	Michal Kol√°≈ô, Michael L√§ssig, Johannes Berg, From protein interactions to functional annotation: graph alignment in Herpes	41
('Self-similar community structure in a network of human interactions', 2003)	Self-similar community structure in a network of human interactions	1	1	1	./bibliographies\database124.txt	R. Guimer√†, L. Danon, A. D√≠az-Guilera, F. Giralt, A. Arenas, Self-similar community structure in a network of human interactions	25
('Rahnuma: hypergraph-based tool for metabolic pathway prediction and network comparison', 2009)	Rahnuma: hypergraph-based tool for metabolic pathway prediction and network comparison	1	1	1	./bibliographies\database125.txt	Aziz Mithani, Gail M. Preston, Jotun Hein, Rahnuma: hypergraph-based tool for metabolic pathway prediction and network comparison	7
('Automatic detection of conserved gene clusters in multiple genomes by graph comparison and P-quasi grouping', 2000)	Automatic detection of conserved gene clusters in multiple genomes by graph comparison and P-quasi grouping	1	1	1	./bibliographies\database126.txt	Wataru Fujibuchi, Hiroyuki Ogata, Hideo Matsuda, Minoru Kanehisa,  Automatic detection of conserved gene clusters in multiple genomes by graph comparison and P-quasi grouping	38
('Improved call graph comparison using simulated annealing', 2011)	Improved call graph comparison using simulated annealing	1	1	1	./bibliographies\database128.txt	Orestis Kostakis, Joris Kinable, Hamed Mahmoudi, Kimmo Mustonen, Improved call graph comparison using simulated annealing	24
('Modeling cellular machinery through biological network comparison', 2006)	Modeling cellular machinery through biological network comparison	1	1	1	./bibliographies\database13.txt	Roded Sharan, Trey Ideker, Modeling cellular machinery through biological network comparison	74
('Invariant face recognition by Gabor wavelets and neural network matching', 'None')	Invariant face recognition by Gabor wavelets and neural network matching	1	1	1	./bibliographies\database130.txt	D. Pramadihanto, H. Wu, M. Yachida, Invariant face recognition by Gabor wavelets and neural network matching	0
('A three-stage computational approach to network matching', 2000)	A three-stage computational approach to network matching	1	1	1	./bibliographies\database132.txt	Demin Xiong, A three-stage computational approach to network matching	15
('Question Answering Using Sentence Parsing and Semantic Network Matching', 2005)	Question Answering Using Sentence Parsing and Semantic Network Matching	1	1	1	./bibliographies\database133.txt	Sven Hartrumpf, Question Answering Using Sentence Parsing and Semantic Network Matching	12
('Network similarity analysis of air navigation route systems', 2014)	Network similarity analysis of air navigation route systems	1	1	1	./bibliographies\database136.txt	Xiaoqian Sun, Sebastian Wandelt, Network similarity analysis of air navigation route systems	54
('Similarity-based methods for potential human microRNA-disease association prediction', 2013)	Similarity-based methods for potential human microRNA-disease association prediction	1	1	1	./bibliographies\database137.txt	Hailin Chen, Zuping Zhang, Similarity-based methods for potential human microRNA-disease association prediction	30
('Similarity network fusion for aggregating data types on a genomic scale', 2014)	Similarity network fusion for aggregating data types on a genomic scale	1	1	1	./bibliographies\database139.txt	Bo Wang, Aziz M Mezlini, Feyyaz Demir, Marc Fiume, Zhuowen Tu, Michael Brudno, Benjamin Haibe-Kains, Anna Goldenberg, Similarity network fusion for aggregating data types on a genomic scale	26
('A connectionist approach to structural similarity determination as a basis of clustering, classification and feature detection', 1997)	A connectionist approach to structural similarity determination as a basis of clustering, classification and feature detection	1	1	1	./bibliographies\database14.txt	Kristina Schadler, Fritz Wysotzki, A connectionist approach to structural similarity determination as a basis of clustering classification and feature detection	42
('Research on similarity calculation of citation semantic link network', 2012)	Research on similarity calculation of citation semantic link network	1	1	1	./bibliographies\database140.txt	Weiling Chen, Gang Wang, Research on similarity calculation of citation semantic link network	12
('Protein ranking: From local to global structure in the protein similarity network', 2004)	Protein ranking: From local to global structure in the protein similarity network	1	1	1	./bibliographies\database141.txt	Jason Weston, Andre Elisseeff, Dengyong Zhou, Christina S. Leslie, and William Stafford Noble, Protein ranking: From local to global structure in the protein similarity network	24
('Graph Similarity Features for HMM-Based Handwriting Recognition in Historical Documents', 2010)	Graph Similarity Features for HMM-Based Handwriting Recognition in Historical Documents	1	1	1	./bibliographies\database143.txt	Andreas Fischer, Kaspar Riesen, Horst Bunke, Graph Similarity Features for HMM-Based Handwriting Recognition in Historical Documents	20
('Detecting malware variants via function-call graph similarity', 2010)	Detecting malware variants via function-call graph similarity	1	1	1	./bibliographies\database144.txt	Shanhu Shang, Ning Zheng, Jian Xu, Ming Xu, Haiping Zhang, Detecting malware variants via function-call graph similarity	23
('Graph isomorphism and theorems of Birkhoff type', 1986)	Graph isomorphism and theorems of Birkhoff type	1	1	1	./bibliographies\database146.txt	G. Tinhofer, Graph isomorphism and theorems of Birkhoff type	10
('A Linear Time Algorithm for Deciding Interval Graph Isomorphism', 1979)	A Linear Time Algorithm for Deciding Interval Graph Isomorphism	1	1	1	./bibliographies\database147.txt	George S. Lueker, Kellogg S. Booth, A Linear Time Algorithm for Deciding Interval Graph Isomorphism	19
('How to Build Templates for RDF Question/Answering', 2015)	How to Build Templates for RDF Question/Answering	1	1	1	./bibliographies\database148.txt	Weiguo Zheng, Lei Zou, Xiang Lian, Jeffrey Xu Yu, Shaoxu Song, Dongyan Zhao, How to Build Templates for RDF Question/Answering	35
('Measuring Graph Similarity Using Spectral Geometry', 'None')	Measuring Graph Similarity Using Spectral Geometry	1	1	1	./bibliographies\database149.txt	Hewayda ElGhawalby, Edwin R. Hancock, Measuring Graph Similarity Using Spectral Geometry	0
('Graph similarity search with edit distance constraint in large graph databases', 2013)	Graph similarity search with edit distance constraint in large graph databases	1	1	1	./bibliographies\database150.txt	Weiguo Zheng, Lei Zou, Xiang Lian, Dong Wang, Dongyan Zhao, Graph similarity search with edit distance constraint in large graph databases	20
('Visibility graph similarity: A new measure of generalized synchronization in coupled dynamic systems', 2012)	Visibility graph similarity: A new measure of generalized synchronization in coupled dynamic systems	1	1	1	./bibliographies\database151.txt	Mehran Ahmadlou, Hojjat Adeli, Visibility graph similarity: A new measure of generalized synchronization in coupled dynamic systems	55
('Graph Matching Based on Node Signatures', 2009)	Graph Matching Based on Node Signatures	1	1	1	./bibliographies\database152.txt	Salim Jouili, Salvatore Tabbone, Graph matching based on node signatures	29
('Size and distortion invariant object recognition by hierarchical graph matching', 1990)	Size and distortion invariant object recognition by hierarchical graph matching	1	1	1	./bibliographies\database153.txt	J. Buhmann, M. Lades, C. von der Malsburg, Size and distortion invariant object recognition by hierarchical graph matching	9
('Building recognition using sketch-based representations and spectral graph matching', 2009)	Building recognition using sketch-based representations and spectral graph matching	1	1	1	./bibliographies\database154.txt	Yu-Chia Chung, Tony X. Han, Zhihai He, Building recognition using sketch-based representations and spectral graph matching	30
('Exact and approximate graph matching using random walks', 2005)	Exact and approximate graph matching using random walks	1	1	1	./bibliographies\database155.txt	M. Gori, M. Maggini, L. Sarti, Exact and approximate graph matching using random walks	26
('Skeleton based shape matching and retrieval', 'None')	Skeleton based shape matching and retrieval	1	1	1	./bibliographies\database157.txt	H. Sundar, D. Silver, N. Gagvani, S. Dickinson, Skeleton based shape matching and retrieval	0
('IsoRankN: spectral methods for global alignment of multiple protein networks', 2009)	IsoRankN: spectral methods for global alignment of multiple protein networks	1	1	1	./bibliographies\database158.txt	Chung-Shou Liao, Kanghao Lu, Michael Baym, Rohit Singh, Bonnie Berger, IsoRankN: spectral methods for global alignment of multiple protein networks	30
('On Graph Kernels: Hardness Results and Efficient Alternatives', 2003)	On Graph Kernels: Hardness Results and Efficient Alternatives	1	1	1	./bibliographies\database16.txt	Thomas Gartner, Peter Flach, Stefan Wrobel, On Graph Kernels: Hardness Results and Efficient Alternatives	17
('Detecting image near-duplicate by stochastic attributed relational graph matching with learning', 2004)	Detecting image near-duplicate by stochastic attributed relational graph matching with learning	1	1	1	./bibliographies\database160.txt	Dong-Qing Zhang, Shih-Fu Chang, Detecting image near-duplicate by stochastic attributed relational graph matching with learning	17
('Pattern recognition by labeled graph matching', 1988)	Pattern recognition by labeled graph matching	1	1	1	./bibliographies\database161.txt	Christoph von der Malsburg, Pattern recognition by labeled graph matching	32
('Faster Scaling Algorithms for General Graph Matching Problems', 1989)	Faster Scaling Algorithms for General Graph Matching Problems	1	1	1	./bibliographies\database162.txt	Harold N. Gabow, Robert E. Tarjan, Faster scaling algorithms for general graph matching problems	30
('Graph Matching Algorithms for Business Process Model Similarity Search', 2009)	Graph Matching Algorithms for Business Process Model Similarity Search	1	1	1	./bibliographies\database164.txt	Remco Dijkman, Marlon Dumas,Luciano Garc√≠a-Ba√±uelos, Graph Matching Algorithms for Business Process Model Similarity Search	21
('Fingerprint identification using graph matching', 1986)	Fingerprint identification using graph matching	1	1	1	./bibliographies\database165.txt	D. K. Isenor, S. G. Zaky, Fingerprint identification using graph matching	28
('A Graph Matching Approach to Optimal Task Assignment in Distributed Computing Systems Using a Minimax Criterion', 1985)	A Graph Matching Approach to Optimal Task Assignment in Distributed Computing Systems Using a Minimax Criterion	1	1	1	./bibliographies\database166.txt	Chien-Chung Shen, Wen-Hsiang Tsai, A Graph Matching Approach to Optimal Task Assignment in Distributed Computing Systems Using a Minimax Criterion	18
('Path Matching and Graph Matching in Biological Networks', 2007)	Path Matching and Graph Matching in Biological Networks	1	1	1	./bibliographies\database168.txt	Qingwu Yang, Sing-Hoi Sze, Path matching and graph matching in biological networks	36
('Cyclic pattern kernels for predictive graph mining', 2004)	Cyclic pattern kernels for predictive graph mining	1	1	1	./bibliographies\database17.txt	Tamas Horvath, Thomas Gartner, Stefan Wrobel, Cyclic pattern kernels for predictive graph mining	34
('A network-based approach to classify the three domains of life', 2011)	A network-based approach to classify the three domains of life	1	1	1	./bibliographies\database18.txt	Mueller LA, Kugler KG, Netzer M, Graber A, Dehmer M., A network-based approach to classify the three domains of life	57
('A comprehensive structural-based similarity measure in directed graphs', 2015)	A comprehensive structural-based similarity measure in directed graphs	1	1	1	./bibliographies\database2.txt	Mingxi Zhang, Hao Hu, Zhenying He, Liping Gao, Liujie Sun, A comprehensive structural-based similarity measure in directed graphs	41
('MAGNA: Maximizing Accuracy in Global Network Alignment', 2014)	MAGNA: Maximizing Accuracy in Global Network Alignment	1	1	1	./bibliographies\database20.txt	Vikram Saraph, Tijana Milenkovic, MAGNA: Maximizing Accuracy in Global Network Alignment	43
('Graphlet-based measures are suitable for biological network comparison', 2013)	Graphlet-based measures are suitable for biological network comparison	1	1	1	./bibliographies\database21.txt	Wayne Hayes, Kai Sun, Natasa Przulj, Graphlet-based measures are suitable for biological network comparison	51
('Biological network comparison using graphlet degree distribution', 2010)	Biological network comparison using graphlet degree distribution	1	1	1	./bibliographies\database22.txt	Natasa Przulj, Biological network comparison using graphlet degree distribution	41
('How threshold behaviour affects the use of subgraphs for network comparison', 2010)	How threshold behaviour affects the use of subgraphs for network comparison	1	1	1	./bibliographies\database23.txt	Tiago Rito, Zi Wang, Charlotte M. Deane, Gesine Reinert, How threshold behaviour affects the use of subgraphs for network comparison	28
('Alignment-free protein interaction network comparison', 2014)	Alignment-free protein interaction network comparison	1	1	1	./bibliographies\database24.txt	Waqar Ali, Tiago Rito, Gesine Reinert, Fengzhu Sun, Charlotte M. Deane, Alignment-free protein interaction network comparison	46
('Networks for systems biology: conceptual connection of data and function', 2011)	Networks for systems biology: conceptual connection of data and function	1	1	1	./bibliographies\database25.txt	F. Emmert-Streib, M. Dehmer, Networks for systems biology: conceptual connection of data and function	248
('Relaxation Applied to Matching Quantitative Relational Structures', 1978)	Relaxation Applied to Matching Quantitative Relational Structures	1	1	1	./bibliographies\database26.txt	Les Kitchen, Relaxation applied to matching quantitative relational structures	2
('A new algorithm for subgraph optimal isomorphism', 1998)	A new algorithm for subgraph optimal isomorphism	1	1	1	./bibliographies\database27.txt	Yasser El-Sonbaty, M. A. Ismail, A new algorithm for subgraph optimal isomorphism	47
('Fast parallel algorithms for graph similarity and matching', 2014)	Fast parallel algorithms for graph similarity and matching	1	1	1	./bibliographies\database28.txt	Giorgos Kollias, Madan Sathe, Olaf Schenk, Ananth Grama, Fast parallel algorithms for graph similarity and matching	48
('Discovering and modeling meta-structures in human behavior from city-scale cellular data', 2017)	Discovering and modeling meta-structures in human behavior from city-scale cellular data	1	1	1	./bibliographies\database29.txt	Xiaming Chen, Haiyang Wang, Siwei Qiang, Yongkun Wang, Yaohui Jin, Discovering and modeling meta-structures in human behavior from city-scale cellular data	31
('Graph similarity scoring and matching', 2008)	Graph similarity scoring and matching	1	1	1	./bibliographies\database3.txt	Laura A. Zager, George C. Verghese, Graph similarity scoring and matching	19
('Taxonomies of networks from community structure', 2012)	Taxonomies of networks from community structure	1	1	1	./bibliographies\database30.txt	Jukka-Pekka Onnela, Daniel J. Fenn, Stephen Reid, Mason A. Porter, Peter J. Mucha, Mark D. Fricker, Nick S. Jones, Taxonomies of networks from community structure	56
('Node Fingerprinting: An Efficient Heuristic for Aligning Biological Networks', 2014)	Node Fingerprinting: An Efficient Heuristic for Aligning Biological Networks	1	1	1	./bibliographies\database31.txt	Alex Radu, Michael Charleston, Node fingerprinting: an efficient heuristic for aligning biological networks	23
('A POCS-based graph matching algorithm', 2004)	A POCS-based graph matching algorithm	1	1	1	./bibliographies\database33.txt	B.J. van Wyk, M.A. van Wyk, A POCS-based graph matching algorithm	30
('Fast computation of Bipartite graph matching', 2014)	Fast computation of Bipartite graph matching	1	1	1	./bibliographies\database34.txt	Francesc Serratosa, Fast computation of Bipartite graph matching	45
('A new graph-based method for pairwise global network alignment', 2009)	A new graph-based method for pairwise global network alignment	1	1	1	./bibliographies\database35.txt	Gunnar W Klau, A new graph-based method for pairwise global network alignment	23
('Inexact graph matching using genetic search', 1997)	Inexact graph matching using genetic search	1	1	1	./bibliographies\database36.txt	Andrew D.J. Cross, Richard C. Wilson Edwin R. Hancock, Inexact graph matching using genetic search	40
('Local graph alignment and motif search in biological networks', 2004)	Local graph alignment and motif search in biological networks	1	1	1	./bibliographies\database37.txt	Johannes Berg, Michael L√§ssig, Local graph alignment and motif search in biological networks	23
('Path Similarity Skeleton Graph Matching', 2008)	Path Similarity Skeleton Graph Matching	1	1	1	./bibliographies\database38.txt	Xiang Bai, Longin Jan Latecki, Path Similarity Skeleton Graph Matching	50
('Bayesian Models and Gibbs Sampling Strategies for Local Graph Alignment and Motif Identification in Stochastic Biological Networks', 2009)	Bayesian Models and Gibbs Sampling Strategies for Local Graph Alignment and Motif Identification in Stochastic Biological Networks	1	1	1	./bibliographies\database40.txt	Rui Jiang, Ting Chen, Fengzhu Sun, Bayesian Models and Gibbs Sampling Strategies for Local Graph Alignment and Motif Identification in Stochastic Biological Networks	33
('Algorithms for Large, Sparse Network Alignment Problems', 2009)	Algorithms for Large, Sparse Network Alignment Problems	1	1	1	./bibliographies\database42.txt	Mohsen Bayati, Margot Gerritsen, David F. Gleich, Amin Saberi, Ying Wang, Algorithms for Large Sparse Network Alignment Problems	23
('SEGA: Semiglobal Graph Alignment for Structure-Based Protein Comparison', 2011)	SEGA: Semiglobal Graph Alignment for Structure-Based Protein Comparison	1	1	1	./bibliographies\database43.txt	Marco Mernberger, Gerhard Klebe, Eyke Hullermeier, SEGA: Semiglobal Graph Alignment for Structure-Based Protein Comparison	59
('Shape matching based on graph alignment using hidden Markov models', 2010)	Shape matching based on graph alignment using hidden Markov models	1	1	1	./bibliographies\database44.txt	Xiaoning Qian, Byung-Jun Yoon, Shape matching based on graph alignment using hidden Markov models	18
('An Inexact Graph Comparison Approach in Joint Eigenspace', 2008)	An Inexact Graph Comparison Approach in Joint Eigenspace	1	1	1	./bibliographies\database45.txt	Wan-Jui Lee, Robert P. W. Duin, An Inexact Graph Comparison Approach in Joint Eigenspace	12
('Probabilistic Biological Network Alignment', 2013)	Probabilistic Biological Network Alignment	1	1	1	./bibliographies\database47.txt	Andrei Todor, Alin Dobra, Tamer Kahveci, Probabilistic Biological Network Alignment	37
('MAGNA++: Maximizing Accuracy in Global Network Alignment via both node and edge conservation', 2015)	MAGNA++: Maximizing Accuracy in Global Network Alignment via both node and edge conservation	1	1	1	./bibliographies\database48.txt	V. Vijayan, V. Saraph, T. Milenkoviƒá, MAGNA++: Maximizing Accuracy in Global Network Alignment via both node and edge conservation	15
('Popularity versus similarity in growing networks', 2012)	Popularity versus similarity in growing networks	1	1	1	./bibliographies\database49.txt	Fragkiskos Papadopoulos, Maksim Kitsak, M. √\x81ngeles Serrano, Mari√°n Bogu√±√° & Dmitri Krioukov, Popularity versus similarity in growing networks	30
('An Algorithm for Subgraph Isomorphism', 1976)	An Algorithm for Subgraph Isomorphism	1	1	1	./bibliographies\database5.txt	J. R. Ullmann, An algorithm for subgraph isomorphism	11
('Network similarity via multiple social theories', 2013)	Network similarity via multiple social theories	1	1	1	./bibliographies\database51.txt	Michele Berlingerio, Danai Koutra, Tina Eliassi-Rad, Christos Faloutsos, Network similarity via multiple social theories	1
('Iterative methods for low rank approximation of graph similarity matrices', 2013)	Iterative methods for low rank approximation of graph similarity matrices	1	1	1	./bibliographies\database52.txt	T.P.Cason, P.A.Absil, P.Van Dooren, Iterative methods for low rank approximation of graph similarity matrices‚òÜ	14
('Fast and Scalable Approximate Spectral Matching for Higher Order Graph Matching', 2014)	Fast and Scalable Approximate Spectral Matching for Higher Order Graph Matching	1	1	1	./bibliographies\database56.txt	Soonyong Park, Sung-Kee Park, Martial Hebert, Fast and Scalable Approximate Spectral Matching for Higher Order Graph Matching	60
('Spectral clustering for divide-and-conquer graph matching', 2015)	Spectral clustering for divide-and-conquer graph matching	1	1	1	./bibliographies\database57.txt	Vince Lyzinski, Daniel L. Sussman, Donniell E. Fishkind, Henry Pao, Li Chen, Joshua T. Vogelstein, Youngser Park, Carey E. Priebe, Spectral clustering for divide-and-conquer graph matching	39
('The Principal Components Analysis of a Graph, and Its Relationships to Spectral Clustering', 2004)	The Principal Components Analysis of a Graph, and Its Relationships to Spectral Clustering	1	1	1	./bibliographies\database58.txt	Marco Saerens, Francois Fouss, Luh Yen, Pierre Dupont, The Principal Components Analysis of a Graph and Its Relationships to Spectral Clustering	38
('Inexact Matching of Large and Sparse Graphs Using Laplacian Eigenvectors', 2009)	Inexact Matching of Large and Sparse Graphs Using Laplacian Eigenvectors	1	1	1	./bibliographies\database59.txt	David Knossow, Avinash Sharma, Diana Mateus, Radu Horaud, Inexact Matching of Large and Sparse Graphs Using Laplacian Eigenvectors	13
('Replicator Equations, Maximal Cliques, and Graph Isomorphism', 1999)	Replicator Equations, Maximal Cliques, and Graph Isomorphism	1	1	1	./bibliographies\database6.txt	Marcello Pelillo, Replicator Equations Maximal Cliques and Graph isomorphism	54
('A Probabilistic Approach to Spectral Graph Matching', 2013)	A Probabilistic Approach to Spectral Graph Matching	1	1	1	./bibliographies\database60.txt	Amir Egozi, Yosi Keller, Hugo Guterman, A Probabilistic Approach to Spectral Graph Matching	37
('Graph matching applications in pattern recognition and image processing', 'None')	Graph matching applications in pattern recognition and image processing	1	1	1	./bibliographies\database61.txt	D. Conte, P. Foggia, C. Sansone, M. Vento, Graph matching applications in pattern recognition and image processing	0
('Kernel Approach to Molecular Similarity Based on Iterative Graph Similarity', 2007)	Kernel Approach to Molecular Similarity Based on Iterative Graph Similarity	1	1	1	./bibliographies\database62.txt	Matthias Rupp, Ewgenij Proschak, Gisbert Schneider, Kernel Approach to Molecular Similarity Based on Iterative Graph Similarity	36
('Towards Bridging the Gap between Statistical and Structural Pattern Recognition: Two New Concepts in Graph Matching', 2001)	Towards Bridging the Gap between Statistical and Structural Pattern Recognition: Two New Concepts in Graph Matching	1	1	1	./bibliographies\database63.txt	H. Bunke, S. G√ºnter, X. Jiang, Towards Bridging the Gap between Statistical and Structural Pattern Recognition: Two New Concepts in Graph Matching	26
('The graph matching problem', 2012)	The graph matching problem	1	1	1	./bibliographies\database64.txt	Lorenzo Livi, Antonello Rizzi, The graph matching problem	134
('A Global Constraint for Graph Isomorphism Problems', 2004)	A Global Constraint for Graph Isomorphism Problems	1	1	1	./bibliographies\database65.txt	S√©bastien Sorlin, Christine Solnon, A Global Constraint for Graph Isomorphism Problems	21
('Planar Graph Isomorphism is in Log-Space', 2009)	Planar Graph Isomorphism is in Log-Space	1	1	1	./bibliographies\database67.txt	Samir Datta, Nutan Limaye, Prajakta Nimbhorkar, Thomas Thierauf, Fabian Wagner, Planar Graph Isomorphism is in Log-Space	34
('Many-to-many graph matching via metric embedding', 'None')	Many-to-many graph matching via metric embedding	1	1	1	./bibliographies\database68.txt	Y. Keselman, A. Shokoufandeh, M.F. Demirci, S. Dickinson, Many-to-many graph matching via metric embedding	0
('Morphological elastic graph matching applied to frontal face authentication under well-controlled and real conditions', 2000)	Morphological elastic graph matching applied to frontal face authentication under well-controlled and real conditions	1	1	1	./bibliographies\database69.txt	C. Kotropoulos, A. Tefas, I. Pitas, Morphological elastic graph matching applied to frontal face authentication under well-controlled and real conditions	27
('Error correcting graph matching: on the influence of the underlying cost function', 1999)	Error correcting graph matching: on the influence of the underlying cost function	1	1	1	./bibliographies\database7.txt	H. Bunke, Error correcting graph matching: on the influence of the underlying cost function	17
('Exemplar-Based Graph Matching for Robust Facial Landmark Localization', 2013)	Exemplar-Based Graph Matching for Robust Facial Landmark Localization	1	1	1	./bibliographies\database71.txt	Feng Zhou, Jonathan Brandt, Zhe Lin, Exemplar-based Graph Matching for Robust Facial Landmark Localization	36
('Inexact graph matching for model-based recognition: Evaluation and comparison of optimization algorithms', 2005)	Inexact graph matching for model-based recognition: Evaluation and comparison of optimization algorithms	1	1	1	./bibliographies\database72.txt	Roberto M. Cesar Jr., Endika Bengoetxea, Isabelle Bloch, Pedro Larra√±aga, Inexact graph matching for model-based recognition: Evaluation and comparison of optimization algorithms	41
('Moderately exponential bound for graph isomorphism', 1981)	Moderately exponential bound for graph isomorphism	1	1	1	./bibliographies\database73.txt	L√°szl√≥ Babai, Moderately exponential bound for graph isomorphism	32
('Classification of hand postures against complex backgrounds using elastic graph matching', 2002)	Classification of hand postures against complex backgrounds using elastic graph matching	1	1	1	./bibliographies\database75.txt	Jochen Triesch, Christoph von der Malsburg, Classification of hand postures against complex backgrounds using elastic graph matching	24
('Building Reconstruction by Target Based Graph Matching on Incomplete Laser Data: Analysis and Limitations', 2009)	Building Reconstruction by Target Based Graph Matching on Incomplete Laser Data: Analysis and Limitations	1	1	1	./bibliographies\database76.txt	Sander Oude Elberink, George Vosselman, Building Reconstruction by Target Based Graph Matching on Incomplete Laser Data: Analysis and Limitations	17
('Fast malware classification by automated behavioral graph matching', 2010)	Fast malware classification by automated behavioral graph matching	1	1	1	./bibliographies\database77.txt	Younghee Park, Douglas Reeves, Vikram Mulukutla, Balaji Sundaravel, Fast malware classification by automated behavioral graph matching	18
('Improved Matchmaking Algorithm for Semantic Web Services Based on Bipartite Graph Matching', 2007)	Improved Matchmaking Algorithm for Semantic Web Services Based on Bipartite Graph Matching	1	1	1	./bibliographies\database79.txt	Umesh Bellur,  Roshan Kulkarni, Improved Matchmaking Algorithm for Semantic Web Services Based on Bipartite Graph Matching	21
('A graph distance metric combining maximum common subgraph and minimum common supergraph', 2001)	A graph distance metric combining maximum common subgraph and minimum common supergraph	1	1	1	./bibliographies\database8.txt	Mirtha-Lina Fernandez, Gabriel Valiente, A graph distance metric combining maximum common subgraph and minimum common supergraph	11
('Robust textual inference via graph matching', 2005)	Robust textual inference via graph matching	1	1	1	./bibliographies\database80.txt	Aria D. Haghighi, Andrew Y. Ng, Christopher D. Manning, Robust textual inference via graph matching	14
('Dense non-rigid surface registration using high-order graph matching', 2010)	Dense non-rigid surface registration using high-order graph matching	1	1	1	./bibliographies\database81.txt	Yun Zeng,  Chaohui Wang,  Yang Wang,  Xianfeng Gu,  Dimitris Samaras,  Nikos Paragios, Dense non-rigid surface registration using high-order graph matching	34
('Conceptual Graph Matching for Semantic Search', 2002)	Conceptual Graph Matching for Semantic Search	1	1	1	./bibliographies\database82.txt	Jiwei Zhong, Haiping Zhu, Jianming Li, Yong Yu, Conceptual Graph Matching for Semantic Search	16
('Multiple sequence alignment using partial order graphs', 2002)	Multiple sequence alignment using partial order graphs	1	1	1	./bibliographies\database83.txt	Christopher Lee, Catherine Grasso, Mark F. Sharlow, Multiple sequence alignment using partial order graphs	25
('Elastic Bunch Graph Matching', 2014)	Elastic Bunch Graph Matching	1	1	1	./bibliographies\database84.txt	David S. Bolme, Elastic Bunch Graph Matching	18
('Graph-based methods for analysing networks in cell biology', 2006)	Graph-based methods for analysing networks in cell biology	1	1	1	./bibliographies\database85.txt	Tero Aittokallio, Benno Schwikowski, Graph-based methods for analysing networks in cell biology	100
('Multiple Alignment, Communication Cost, and Graph Matching', 1992)	Multiple Alignment, Communication Cost, and Graph Matching	1	1	1	./bibliographies\database86.txt	Pavel A. Pevzner, Multiple Alignment Communication Cost and Graph Matching	76
('BIG-ALIGN: Fast Bipartite Graph Alignment', 2013)	BIG-ALIGN: Fast Bipartite Graph Alignment	1	1	1	./bibliographies\database87.txt	Danai Koutra, Hanghang Tong, David Lubensky, BIG-ALIGN: Fast Bipartite Graph Alignment	29
('An in-depth comparison of subgraph isomorphism algorithms in graph databases', 2012)	An in-depth comparison of subgraph isomorphism algorithms in graph databases	1	1	1	./bibliographies\database88.txt	Jinsoo Lee, Wook-Shin Han, Romans Kasperovics, Jeong-Hoon Lee, An in-depth comparison of subgraph isomorphism algorithms in graph databases	20
('Weighted graph comparison techniques for brain connectivity analysis', 2013)	Weighted graph comparison techniques for brain connectivity analysis	1	1	1	./bibliographies\database89.txt	Basak Alper, Benjamin Bac, Nathalie Henry Rich, Tobias Isenber, Jean-Daniel Fekete, Weighted graph comparison techniques for brain connectivity analysis	43
('An eigendecomposition approach to weighted graph matching problems', 1988)	An eigendecomposition approach to weighted graph matching problems	1	1	1	./bibliographies\database9.txt	Shinji Umeyama, An eigendecomposition approach to weighted graph matching problems	9
('Complex network measures of brain connectivity: Uses and interpretations', 2010)	Complex network measures of brain connectivity: Uses and interpretations	1	1	1	./bibliographies\database90.txt	Mikail Rubinov, Olaf Sporns, Complex network measures of brain connectivity: Uses and interpretations	66
('On the feasibility of precoding-based network alignment for three unicast sessions', 2012)	On the feasibility of precoding-based network alignment for three unicast sessions	1	1	1	./bibliographies\database91.txt	Chun Meng, Abinesh Ramakrishnan, Athina Markopoulou, Syed Ali Jafar, On the feasibility of precoding-based network alignment for three unicast sessions	13
('Message-Passing Algorithms for Sparse Network Alignment', 2013)	Message-Passing Algorithms for Sparse Network Alignment	1	1	1	./bibliographies\database92.txt	Mohsen Bayati, David F. Gleich, Amin Saberi, Ying Wang, Message-Passing Algorithms for Sparse Network Alignment	46
('Inferring the human microRNA functional similarity and functional network based on microRNA-associated diseases', 2010)	Inferring the human microRNA functional similarity and functional network based on microRNA-associated diseases	1	1	1	./bibliographies\database93.txt	Dong Wang, Juan Wang, Ming Lu, Fei Song, Qinghua Cui, Inferring the human microRNA functional similarity and functional network based on microRNA-associated diseases	24
('Similarity computation strategies in the microRNA-disease network: a survey', 2015)	Similarity computation strategies in the microRNA-disease network: a survey	1	1	1	./bibliographies\database94.txt	Quan Zou, Jinjin Li, Li Song, Xiangxiang Zeng, Guohua Wang, Similarity computation strategies in the microRNA-disease network: a survey	67
('A Guide to Selecting a Network Similarity Method', 2014)	A Guide to Selecting a Network Similarity Method	1	1	1	./bibliographies\database95.txt	Sucheta Soundarajan, Tina Eliassi-Rad, Brian Gallagher, A Guide to Selecting a Network Similarity Method	18
('Efficient Graph Similarity Search Over Large Graph Databases', 2015)	Efficient Graph Similarity Search Over Large Graph Databases	1	1	1	./bibliographies\database96.txt	Weiguo Zheng, Lei Zou, Xiang Lian, Dong Wang, Dongyan Zhao, Efficient Graph Similarity Search Over Large Graph Databases	39
('Efficient processing of graph similarity queries with edit distance constraints', 2013)	Efficient processing of graph similarity queries with edit distance constraints	1	1	1	./bibliographies\database97.txt	Xiang Zhao, Chuan Xiao, Xuemin Lin, Wei Wang, Yoshiharu Ishikawa, Efficient processing of graph similarity queries with edit distance constraints	44
('A graph-matching kernel for object categorization', 2011)	A graph-matching kernel for object categorization	1	1	1	./bibliographies\database98.txt	Olivier Duchenne, Armand Joulin, Jean Ponce, A graph-matching kernel for object categorization	39
('A (sub)graph isomorphism algorithm for matching large graphs', 2004)	A (sub)graph isomorphism algorithm for matching large graphs	1	1	1	./bibliographies\database99.txt	L.P. Cordella, P. Foggia, C. Sansone, M. Vento, A (sub)graph isomorphism algorithm for matching large graphs	20
('Efficient k-nearest neighbors search in graph space', 2018)	Efficient k-nearest neighbors search in graph space	1	1	1	./bibliographies\database171.txt	Zeina Abu-Aisheh, Romain Raveaux, Jean-Yves Ramel, Efficient k-nearest neighbors search in graph space	31
('On the exact computation of the graph edit distance', 2018)	On the exact computation of the graph edit distance	1	1	1	./bibliographies\database172.txt	David B. Blumenthal, Johann Gamper, On the exact computation of the graph edit distance	28
('Efficient Mining of Frequent Patterns on Uncertain Graphs', 2018)	Efficient Mining of Frequent Patterns on Uncertain Graphs	1	1	1	./bibliographies\database173.txt	Yifan Chen, Xiang Zhao, Xuemin Lin, Yang Wang, Deke Guo, Efficient Mining of Frequent Patterns on Uncertain Graphs	49
('MCS-GPM: Multi-Constrained Simulation Based Graph Pattern Matching in Contextual Social Graphs', 2018)	MCS-GPM: Multi-Constrained Simulation Based Graph Pattern Matching in Contextual Social Graphs	1	1	1	./bibliographies\database174.txt	Guanfeng Liu, Yi Liu, Kai Zheng, An Liu, Zhixu Li, Yang Wang, Xiaofang Zhou, MCS-GPM: Multi-Constrained Simulation Based Graph Pattern Matching in Contextual Social Graphs	45
('SSRW: A Scalable Algorithm for Estimating Graphlet Statistics Based on Random Walk', 2018)	SSRW: A Scalable Algorithm for Estimating Graphlet Statistics Based on Random Walk	1	1	1	./bibliographies\database176.txt	Chen Yang, Min Lyu, Yongkun Li, Qianqian Zhao, Yinlong Xu, SSRW: A Scalable Algorithm for Estimating Graphlet Statistics Based on Random Walk	26
('Answering Why-Not Questions on Structural Graph Clustering', 2018)	Answering Why-Not Questions on Structural Graph Clustering	1	1	1	./bibliographies\database177.txt	Chuanyu Zong, Xiufeng Xia, Bin Wang, Xiaochun Yang, Jiajia Li, Xiangyu Liu, Rui Zhu, Answering Why-Not Questions on Structural Graph Clustering	16
('Scientific collaboration and endorsement: Network analysis of coauthorship and citation networks', 2011)	Scientific collaboration and endorsement: Network analysis of coauthorship and citation networks	1	1	1	./bibliographies\database178.txt	Ying Ding, Scientific collaboration and endorsement: Network analysis of coauthorship and citation networks	55
('Efficient and Scalable Mining of Frequent Subgraphs Using Distributed Graph Processing Systems', 2018)	Efficient and Scalable Mining of Frequent Subgraphs Using Distributed Graph Processing Systems	1	1	1	./bibliographies\database179.txt	Tongtong Wang, Hao Huang, Wei Lu, Zhe Peng, Xiaoyong Du, Efficient and Scalable Mining of Frequent Subgraphs Using Distributed Graph Processing Systems	24
('A Survey on Graph Database Management Techniques for Huge Unstructured Data', 2018)	A Survey on Graph Database Management Techniques for Huge Unstructured Data	1	1	1	./bibliographies\database180.txt	N. S. Patil, P. Kiran, N. P. Kavya, K. M. Naresh Patel, A Survey on Graph Database Management Techniques for Huge Unstructured Data.	46
('Unique description of chemical structures based on hierarchically ordered extended connectivities (HOC procedures). V. New topological indices, ordering of graphs, and recognition of graph similarity', 1984)	Unique description of chemical structures based on hierarchically ordered extended connectivities (HOC procedures). V. New topological indices, ordering of graphs, and recognition of graph similarity	1	1	1	./bibliographies\database181.txt	Ovanes Mekenyan, Danail Bonchev, Alexandru T. Balaban, Unique description of chemical structures based on hierarchically ordered extended connectivities (HOC procedures). V. New topological indices ordering of graphs and recognition of graph similarity	30
('Robust Road Map Inference through Network Alignment of Trajectories', 2018)	Robust Road Map Inference through Network Alignment of Trajectories	1	1	1	./bibliographies\database182.txt	Rade Stanojevic, Sofiane Abbar, Saravanan Thirumuruganathan, Sanjay Chawla, Fethi Filali, Ahid Aleimat, Robust Road Map Inference through Network Alignment of Trajectories	23
('Determining similarity in histological images using graph-theoretic description and matching methods for content-based image retrieval in medical diagnostics', 2012)	Determining similarity in histological images using graph-theoretic description and matching methods for content-based image retrieval in medical diagnostics	1	1	1	./bibliographies\database185.txt	Harshita Sharma, Alexander Alekseychuk, Peter Leskovsky, Olaf Hellwich, RS Anand, Norman Zerbe, Peter Hufnagl, Determining similarity in histological images using graph-theoretic description and matching methods for content-based image retrieval in medical diagnostics	29
('Local versus global biological network alignment', 2016)	Local versus global biological network alignment	1	1	1	./bibliographies\database46.txt	Lei Meng, Aaron Striegel, Tijana Milenkoviƒá, Local versus global biological network alignment	31
('A multi-seed dynamic local graph matching model for tracking of densely packed cells across unregistered microscopy image sequences', 2018)	A multi-seed dynamic local graph matching model for tracking of densely packed cells across unregistered microscopy image sequences	1	1	1	./bibliographies\database190.txt	Min Liu, Jieqin Li, Weili Qian, A multi-seed dynamic local graph matching model for tracking of densely packed cells across unregistered microscopy image sequences	30
('We Know Who You Are: Discovering Similar Groups Across Multiple Social Networks', 2018)	We Know Who You Are: Discovering Similar Groups Across Multiple Social Networks	1	1	1	./bibliographies\database191.txt	Xiaoming Liu, Chao Shen, Xiaohong Guan, Yadong Zhou, We Know Who You Are: Discovering Similar Groups Across Multiple Social Networks	43
('GLAlign: A Novel Algorithm for Local Network Alignment', 2018)	GLAlign: A Novel Algorithm for Local Network Alignment	1	1	1	./bibliographies\database192.txt	Marianna Milano, Pietro Hiram Guzzi, Mario Cannataro, GLAlign: A Novel Algorithm for Local Network Alignment	43
('Graph-based keyword spotting in historical manuscripts using Hausdorff edit distance', 2018)	Graph-based keyword spotting in historical manuscripts using Hausdorff edit distance	1	1	1	./bibliographies\database39.txt	Mohammad Reza Ameri, Michael Stauffer, Kaspar Riesen, Tien D. Bui, Andreas Fischer, Graph-based keyword spotting in historical manuscripts using Hausdorff edit distance	38
('Visual Detection of Structural Changes in Time-Varying Graphs Using Persistent Homology', 2018)	Visual Detection of Structural Changes in Time-Varying Graphs Using Persistent Homology	1	1	1	./bibliographies\database195.txt	Mustafa Hajij, Bei Wang, Carlos Scheidegger, Paul Rosen, Visual Detection of Structural Changes in Time-Varying Graphs Using Persistent Homology	55
('Incremental B-spline deformation model for geometric graph matching', 2018)	Incremental B-spline deformation model for geometric graph matching	1	1	1	./bibliographies\database197.txt	Miguel Am√°vel Pinheiro, Jan Kybic, Incremental B-spline deformation model for geometric graph matching	14
('Mutual Learning Between Saliency and Similarity: Image Cosegmentation via Tree Structured Sparsity and Tree Graph Matching', 2018)	Mutual Learning Between Saliency and Similarity: Image Cosegmentation via Tree Structured Sparsity and Tree Graph Matching	1	1	1	./bibliographies\database200.txt	Yan Ren, Licheng Jiao, Shuyuan Yang, Shuang Wang, Mutual Learning Between Saliency and Similarity: Image Cosegmentation via Tree Structured Sparsity and Tree Graph Matching	75
('Using Queries as Schema-Templates for Graph Databases', 2018)	Using Queries as Schema-Templates for Graph Databases	1	1	1	./bibliographies\database201.txt	Stephan Mennicke, Jan-Christoph Kalo, Wolf-Tilo Balke, Using Queries as Schema-Templates for Graph Databases	29
('Demadroid: Object Reference Graph-Based Malware Detection in Android', 2018)	Demadroid: Object Reference Graph-Based Malware Detection in Android	1	1	1	./bibliographies\database202.txt	Huanran Wang, Hui He, Weizhe Zhang, Demadroid: Object Reference Graph-Based Malware Detection in Android	51
('MRI slice stacking using manifold alignment and wave kernel signatures', 2018)	MRI slice stacking using manifold alignment and wave kernel signatures	1	1	1	./bibliographies\database204.txt	James R. Clough, Daniel R. Balfour, Paul K. Marsden, Claudia Prieto, Andrew J. Reader, Andrew P. King, MRI slice stacking using manifold alignment and wave kernel signatures	17
('Methods and Implementations of Road-Network Matching', 2009)	Methods and Implementations of Road-Network Matching	0	1	1	./bibliographies\database131.txt	Meng Zhang, Methods and Implementations of Road-Network Matching	0
('Robust Graph Alignment Methods for Textual Inference and Machine Reading', 2007)	Robust Graph Alignment Methods for Textual Inference and Machine Reading	0	1	1	./bibliographies\database123.txt	Marie-Catherine de Marneffe, Trond Grenager, Bill MacCartney, Daniel Cer, Daniel Ramage, Chloe Kiddon, Christopher D. Manning, Robust Graph Alignment Methods for Textual Inference and Machine Reading	0
('A multigrid method based on graph matching for convection-diffusion equations', 2002)	A multigrid method based on graph matching for convection-diffusion equations	0	1	1	./bibliographies\database102.txt	HwanHo Kim, Jinchao Xu, Ludmil Zikatanov, A multigrid method based on graph matching for convection‚Äìdiffusion equations	41
('Structure\\u2212Activity Relationship Anatomy by Network-like Similarity Graphs and Local Structure\\u2212Activity Relationship Indices', 2008)	Structure\u2212Activity Relationship Anatomy by Network-like Similarity Graphs and Local Structure\u2212Activity Relationship Indices	0	1	1	./bibliographies\database142.txt	Mathias Wawer, Lisa Peltason, Nils Weskamp, Andreas Teckentrup and J√ºrgen Bajorath, Structure‚àíActivity Relationship Anatomy by Network-like Similarity Graphs and Local Structure‚àíActivity Relationship Indices	0
('Scheduling and Automatic Parallelization. Alain Darte, Yves Robert and Fr\\ufffdd\\ufffdric Vivien, Birkh\\ufffduser, New York, ISBN 0-8176-4149-1', 2002)	Scheduling and Automatic Parallelization. Alain Darte, Yves Robert and Fr\ufffdd\ufffdric Vivien, Birkh\ufffduser, New York, ISBN 0-8176-4149-1	0	1	1	./bibliographies\database169.txt	Alain Darte, Yves Robert, A Graph-Theoretic Approach to the Alignment Problem	0
('NetSimile: A Scalable Approach to Size-Independent Network Similarity', 2012)	NetSimile: A Scalable Approach to Size-Independent Network Similarity	0	1	1	./bibliographies\database50.txt	Michele Berlingerio, Danai Koutra, Tina Eliassi-Rad, Christos Faloutsos, NetSimile: A Scalable Approach to Size-Independent Network Similarity	0
('Software verification and graph similarity for automated evaluation of studentsí assignments', 2013)	Software verification and graph similarity for automated evaluation of studentsí assignments	0	1	1	./bibliographies\database55.txt	Milena Vujo≈°eviƒá-Janiƒ\x8diƒá, Mladen Nikoliƒá, Du≈°anTo≈°iƒá, ViktorKuncak, Software verification and graph similarity for automated evaluation of students' assignments	88
('Unsupervised Domain Adaptation Using Regularized Hyper-Graph Matching', 2018)	Unsupervised Domain Adaptation Using Regularized Hyper-Graph Matching	0	1	1	./bibliographies\database194.txt	Debasmit Das, C. S. George Lee, Unsupervised Domain Adaptation Using Regularized Hyper-Graph Matching	0
('Effect of antipsychotics on community structure in functional brain networks', 2018)	Effect of antipsychotics on community structure in functional brain networks	0	1	0	./bibliographies\database188.txt	Ryan Flanagan, Lucas Lacasa, Emma K. Towlson, Sang Hoon Lee, Mason A. Porter, Effect of antipsychotics on community structure in functional brain networks	0
('Anomaly and Change Detection in Graph Streams through Constant-Curvature Manifold Embeddings', 2018)	Anomaly and Change Detection in Graph Streams through Constant-Curvature Manifold Embeddings	0	1	1	./bibliographies\database170.txt	Daniele Zambo, Lorenzo Liv, Cesare Alippi, Anomaly and Change Detection in Graph Streams through Constant-Curvature Manifold Embeddings	0
('Gene Coexpression Network Alignment and Conservation of Gene Modules between Two Grass Species: Maize and Rice', 2011)	Gene Coexpression Network Alignment and Conservation of Gene Modules between Two Grass Species: Maize and Rice	0	1	1	./bibliographies\database134.txt	Stephen P. Ficklin, Frank A. Feltus, Gene Co-Expression Network Alignment and Conservation of Gene Modules Between Two Grass Species: Maize (Zea mays) and Rice (Oryza sativa)	64
('From the connectivity index to various randi\\u0107-Type descriptors', 2018)	From the connectivity index to various randi\u0107-Type descriptors	0	1	1	./bibliographies\database199.txt	Y. Ma, S. Cao, Y. Shi, I. Gutman, M. Dehmer, Boris Furtula, From the connectivity index to various randiƒá-Type descriptors	0
('Survey on the Graph Alignment Problem and a Benchmark of Suitable Algorithms', 2013)	Survey on the Graph Alignment Problem and a Benchmark of Suitable Algorithms	0	1	1	./bibliographies\database41.txt	Christoph Dopmann, Survey on the Graph Alignment Problem and a Benchmark of Suitable Algorithms	0
('Spectrally Robust Graph Isomorphism', 2018)	Spectrally Robust Graph Isomorphism	0	1	1	./bibliographies\database175.txt	Alexandra Kolla, Ioannis Koutis, Vivek Madan, Ali Kemal Sinop, Spectrally Robust Graph Isomorphism	0
('Trust-Based Recommendation Based on Graph Similarity', 2010)	Trust-Based Recommendation Based on Graph Similarity	0	1	1	./bibliographies\database145.txt	Chung-Wei Hang, Munindar P. Singh, Trust-Based Recommendation Based on Graph Similarity	0
('NTSMDA: prediction of miRNAñdisease associations by integrating network topological similarity', 2016)	NTSMDA: prediction of miRNAñdisease associations by integrating network topological similarity	0	1	1	./bibliographies\database138.txt	Dongdong Sun, Ao Li, Huanqing Feng, Minghui Wang, NTSMDA: prediction of miRNA‚Äìdisease associations by integrating network topological similarity	46
('An Integer Projected Fixed Point Method for Graph Matching and MAP Inference', 2009)	An Integer Projected Fixed Point Method for Graph Matching and MAP Inference	0	1	1	./bibliographies\database159.txt	Marius Leordeanu, Martial Hebert, Rahul Sukthankar, An Integer Projected Fixed Point Method for Graph Matching and MAP Inference	0
('Detecting anomalies in peopleís trajectories using spectral graph analysis', 2011)	Detecting anomalies in peopleís trajectories using spectral graph analysis	0	1	1	./bibliographies\database156.txt	Simone Calderara, Uri Heinemann, Andrea Prati, Rita Cucchiara, Naftali Tishby, Detecting anomalies in people‚Äôs trajectories using spectral graph analysis	50
('On random graphs I', 1959)	On random graphs I	0	1	1	./bibliographies\database4.txt	P. Erdos, A. Renyi, On random graphs I	0
('Unsupervised Alignment of Embeddings with Wasserstein Procrustes', 2018)	Unsupervised Alignment of Embeddings with Wasserstein Procrustes	0	1	1	./bibliographies\database196.txt	Edouard Grave, Armand Joulin, Quentin Berthet, Unsupervised Alignment of Embeddings with Wasserstein Procrustes	0
('Large-scale prediction of disulphide bridges using kernel methods, two-dimensional recursive neural networks, and weighted graph matching', 2005)	Large-scale prediction of disulphide bridges using kernel methods, two-dimensional recursive neural networks, and weighted graph matching	0	1	1	./bibliographies\database74.txt	Jianlin Cheng, Hiroto Saigo, Pierre Baldi, Large‚Ä\x90scale prediction of disulphide bridges using kernel methods two‚Ä\x90dimensional recursive neural networks and weighted graph matching	50
('Graphlets versus node2vec and struc2vec in the task of network alignment', 2018)	Graphlets versus node2vec and struc2vec in the task of network alignment	0	1	1	./bibliographies\database189.txt	Shawn Gu, Tijana Milenkovic, Graphlets versus node2vec and struc2vec in the task of network alignment	0
('Fast Incremental von Neumann Graph Entropy Computation: Theory, Algorithm, and Applications', 2018)	Fast Incremental von Neumann Graph Entropy Computation: Theory, Algorithm, and Applications	0	1	1	./bibliographies\database203.txt	Pin-Yu Chen, Lingfei Wu, Sijia Liu, Indika Rajapakse, Fast Incremental von Neumann Graph Entropy Computation: Theory Algorithm and Applications	0
('Efficient Graph Matching Algorithms', 1995)	Efficient Graph Matching Algorithms	0	1	1	./bibliographies\database163.txt	Bruno T. Messmer, Efficient Graph Matching Algorithms	0
('Graph homomorphism revisited for graph matching', 2010)	Graph homomorphism revisited for graph matching	0	1	1	./bibliographies\database70.txt	Wenfei Fan, Jianzhong Li, Shuai Ma, Hongzhi Wang, Yinghui Wu, Graph homomorphism revisited for graph matching	0
('Predicting Graph Categories from Structural Properties', 2018)	Predicting Graph Categories from Structural Properties	0	1	1	./bibliographies\database184.txt	James P. Canning, Emma E. Ingram, Sammantha Nowak-Wolff, Adriana M. Ortiz, Nesreen K. Ahmed, Ryan A. Rossi, Karl R. B. Schmitt, Sucheta Soundarajan, Predicting Graph Categories from Structural Properties	0
('NETAL: a new graph-based method for global alignment of proteinñprotein interaction networks', 2013)	NETAL: a new graph-based method for global alignment of proteinñprotein interaction networks	0	1	1	./bibliographies\database19.txt	Neyshabur B, Khadem A, Hashemifar S, Arab SS, NETAL: a new graph-based method for global alignment of protein-protein interaction networks	32
('Heterogeneous Subgraph Features for Information Networks', 2018)	Heterogeneous Subgraph Features for Information Networks	0	1	1	./bibliographies\database193.txt	Andreas Spitz, Diego Costa, Kai Chen, Jan Greulich, Johanna Gei√ü, Stefan Wiesberg, Michael Gertz, Heterogeneous Subgraph Features for Information Networks	0
('Graph alignment for semi-supervised semantic role labeling', 2009)	Graph alignment for semi-supervised semantic role labeling	0	1	1	./bibliographies\database129.txt	Hagen F√ºrstenau, Mirella Lapata, Graph alignment for semi-supervised semantic role labeling	0
('Graph Matching Iris Image Blocks with Local Binary Pattern', 2006)	Graph Matching Iris Image Blocks with Local Binary Pattern	0	1	1	./bibliographies\database78.txt	Zhenan Sun, Tieniu Tan, Xianchao Qiu, Graph Matching Iris Image Blocks with Local Binary Pattern	0
('Efficient graphlet kernels for large graph comparison', 2009)	Efficient graphlet kernels for large graph comparison	0	1	1	./bibliographies\database32.txt	Nino Shervashidze, S.V.N. Vishwanathan, Tobias H. Petri, Kurt Mehlhorn, Karsten M. Borgwardt, Efficient graphlet kernels for large graph comparison	0
('Extraction of Correlated Gene Clusters by Multiple Graph Comparison', 2001)	Extraction of Correlated Gene Clusters by Multiple Graph Comparison	0	1	1	./bibliographies\database127.txt	Akihiro Nakaya, Susumu Goto, Minoru Kanehisa, Extraction of Correlated Gene Clusters by Multiple Graph Comparison	0
('Similarity-Based Image Browsing', 2000)	Similarity-Based Image Browsing	0	1	1	./bibliographies\database135.txt	Chaomei Chen, George Gagaudakis, Paul Rosin, Similarity-Based Image Browsing	0
('Developments on Solutions of\xa0the\xa0Normalized-Cut-Clustering Problem Without Eigenvectors', 2018)	Developments on Solutions of†the†Normalized-Cut-Clustering Problem Without Eigenvectors	0	1	1	./bibliographies\database198.txt	Leandro Leonardo Lorente-Leyva, Israel David Herrera-Granda, Paul D. Rosero-Montalvo, Karina L. Ponce-Guevara, Andr√©s Eduardo Castro-Ospina, Miguel A. Becerra, Diego Hern√°n Peluffo-Ord√≥√±ez, Jos√© Luis Rodr√≠guez-Sotelo, Developments on Solutions of the Normalized-Cut-Clustering Problem Without Eigenvectors	13
('Algorithms for Graph Similarity and Subgraph Matching', 2011)	Algorithms for Graph Similarity and Subgraph Matching	0	1	1	./bibliographies\database54.txt	Danai Koutra, Ankur Parikh, Aaditya Ramdas, Jing Xiang, Algorithms for Graph Similarity and Subgraph Matching	0
('Unsupervised Name Disambiguation via Social Network Similarity', 2005)	Unsupervised Name Disambiguation via Social Network Similarity	0	1	1	./bibliographies\database167.txt	Bradley Malin, Unsupervised Name Disambiguation via Social Network Similarity‚àó	0
('Almost every n-vertex graph is determined by its 3log2 n-vertex subgraphs', 2018)	Almost every n-vertex graph is determined by its 3log2 n-vertex subgraphs	0	1	1	./bibliographies\database187.txt	Ameneh Farhadian, Almost every n-vertex graph is determined by its 3log2 n-vertex subgraphs	0
('A Quantum Observable for the Graph Isomorphism Problem', 1999)	A Quantum Observable for the Graph Isomorphism Problem	0	1	1	./bibliographies\database103.txt	Mark Ettinger, Peter Hoyer, A Quantum Observable for the Graph Isomorphism Problem	0
('Layered graph matching with composite cluster sampling', 2010)	Layered graph matching with composite cluster sampling	0	1	1	./bibliographies\database66.txt	Liang Lin,  Xiaobai Liu,  Song-Chun Zhu, Layered Graph Matching with Composite Cluster Sampling	0
('A novel subgraph                 $$K^{+}$$                                                                                        K                            +                                                                        -isomorphism method in social network based on graph similarity detection', 2017)	A novel subgraph                 $$K^{+}$$                                                                                        K                            +                                                                        -isomorphism method in social network based on graph similarity detection	0	1	1	./bibliographies\database53.txt	Huan Rong, Tinghuai Ma, Meili Tang, Jie Cao, A novel subgraph  K+-isomorphism method in social network based on graph similarity detection	45
('On a certain distance between isomorphism classes of graphs', 1975)	On a certain distance between isomorphism classes of graphs	0	1	1	./bibliographies\database15.txt	Bohdan Zelinka, On a certain distance between isomorphism classes of graphs	0
('SURREAL: SUbgraph Robust REpresentAtion Learning', 2018)	SURREAL: SUbgraph Robust REpresentAtion Learning	0	1	1	./bibliographies\database186.txt	Saba A. Al-Sayouri, Danai Koutra, Evangelos E. Papalexakis, Sarah S. Lam, SURREAL: SUbgraph Robust REpresentAtion Learning	0
('(Nearly) Efficient Algorithms for the Graph Matching Problem on Correlated Random Graphs', 2018)	(Nearly) Efficient Algorithms for the Graph Matching Problem on Correlated Random Graphs	0	1	1	./bibliographies\database183.txt	Boaz Barak, Chi-Ning Chou, Zhixian Lei, Tselil Schramm, Yueqi Sheng, (Nearly) Efficient Algorithms for the Graph Matching Problem on Correlated Random Graphs	0
('Quantum search algorithm for graph isomorphism problem', 2008)	Quantum search algorithm for graph isomorphism problem	0	0.0	1	./bibliographies\database202.txt	S. Fortin, ‚ÄúTe graph isomorphism problem,‚Ä\x9d 1996.	6
('Recent developments in graph matching', None)	Recent developments in graph matching	1	1	0		H. Bunke, Recent developments in graph matching	65
('A new algorithm for inexact graph matching', None)	A new algorithm for inexact graph matching	1	1	0		A. Hlaoui, Shengrui Wang, A new algorithm for inexact graph matching	6
('Learning alignments and leveraging natural logic', 2007)	Learning alignments and leveraging natural logic	0	0.0	1		Marie-Catherine de Marneffe, Trond Grenager, Bill MacCartney, Daniel Cer, Daniel Ramage, Chloe Kiddon, Christopher D. Manning, Robust Graph Alignment Methods for Textual Inference and Machine Reading	13
('Extraction of correlated gene clusters from multiple genomic data by generalized kernel canonical correlation analysis', 2003)	Extraction of correlated gene clusters from multiple genomic data by generalized kernel canonical correlation analysis	0	0.0	1		Akihiro Nakaya, Susumu Goto, Minoru Kanehisa, Extraction of Correlated Gene Clusters by Multiple Graph Comparison	5
('Semi-Supervised Semantic Role Labeling via Structural Alignment', 2012)	Semi-Supervised Semantic Role Labeling via Structural Alignment	0	0.0	1		Hagen F√ºrstenau, Mirella Lapata, Graph alignment for semi-supervised semantic role labeling	23
('Invariant face recognition by Gabor wavelets and neural network matching', None)	Invariant face recognition by Gabor wavelets and neural network matching	1	1	0		D. Pramadihanto, H. Wu, M. Yachida, Invariant face recognition by Gabor wavelets and neural network matching	8
('Foundations of Network Theory', 2015)	Foundations of Network Theory	0	0.0	1		Meng Zhang, Methods and Implementations of Road-Network Matching	127
('Content-based image visualization', None)	Content-based image visualization	0	0.0	1		Chaomei Chen, George Gagaudakis, Paul Rosin, Similarity-Based Image Browsing	24
('Structure\u2212Activity Relationship Anatomy by Network-like Similarity Graphs and Local Structure\u2212Activity Relationship Indices', 2008)	Structure\u2212Activity Relationship Anatomy by Network-like Similarity Graphs and Local Structure\u2212Activity Relationship Indices	0	0	0		Mathias Wawer, Lisa Peltason, Nils Weskamp, Andreas Teckentrup and J√ºrgen Bajorath, Structure‚àíActivity Relationship Anatomy by Network-like Similarity Graphs and Local Structure‚àíActivity Relationship Indices	24
('A Recommendation Trust Model Based on E-commerce Transactions Content-Similarity', 2010)	A Recommendation Trust Model Based on E-commerce Transactions Content-Similarity	0	0.0	1		Chung-Wei Hang, Munindar P. Singh, Trust-Based Recommendation Based on Graph Similarity	22
('Measuring Graph Similarity Using Spectral Geometry', None)	Measuring Graph Similarity Using Spectral Geometry	1	1	0		Hewayda ElGhawalby, Edwin R. Hancock, Measuring Graph Similarity Using Spectral Geometry	19
('Graphs with two isomorphism classes of spanning unicyclic subgraphs', 1991)	Graphs with two isomorphism classes of spanning unicyclic subgraphs	0	0.0	1		Bohdan Zelinka, On a certain distance between isomorphism classes of graphs	1
('Skeleton based shape matching and retrieval', None)	Skeleton based shape matching and retrieval	1	1	0		H. Sundar, D. Silver, N. Gagvani, S. Dickinson, Skeleton based shape matching and retrieval	37
('Marius Leordeanu, Martial Hebert, Rahul Sukthankar, An Integer Projected Fixed Point Method for Graph Matching and MAP Inference', 'CITATION ONLY')	Unsupervised Learning for Graph Matching	0	0.0	1		Marius Leordeanu, Martial Hebert, Rahul Sukthankar, An Integer Projected Fixed Point Method for Graph Matching and MAP Inference	17
('An Efficient Silent Self-Stabilizing 1-Maximal Matching Algorithm in Anonymous Networks', 2016)	An Efficient Silent Self-Stabilizing 1-Maximal Matching Algorithm in Anonymous Networks	0	0.0	1		Bruno T. Messmer, Efficient Graph Matching Algorithms	90
('Person Name Disambiguation of Searching Results Using Social Network', 2009)	Person Name Disambiguation of Searching Results Using Social Network	0	0.0	1		Bradley Malin, Unsupervised Name Disambiguation via Social Network Similarity‚àó	34
('Scheduling and Automatic Parallelization. Alain Darte, Yves Robert and Fr\ufffdd\ufffdric Vivien, Birkh\ufffduser, New York, ISBN 0-8176-4149-1', 2002)	Scheduling and Automatic Parallelization. Alain Darte, Yves Robert and Fr\ufffdd\ufffdric Vivien, Birkh\ufffduser, New York, ISBN 0-8176-4149-1	0	0.0	1		Alain Darte, Yves Robert, A Graph-Theoretic Approach to the Alignment Problem	18
('Daniele Zambo, Lorenzo Liv, Cesare Alippi, Anomaly and Change Detection in Graph Streams through Constant-Curvature Manifold Embeddings', 'CITATION ONLY')	Concept Drift and Anomaly Detection in Graph Streams	0	1.0	1		Daniele Zambo, Lorenzo Liv, Cesare Alippi, Anomaly and Change Detection in Graph Streams through Constant-Curvature Manifold Embeddings	15
('Graph Isomorphism, 1980; McKay', None)	Graph Isomorphism, 1980; McKay	0	0.5	1		Alexandra Kolla, Ioannis Koutis, Vivek Madan, Ali Kemal Sinop, Spectrally Robust Graph Isomorphism	21
('An Efficient Algorithm for the Nearly Equitable Edge Coloring Problem', 2008)	An Efficient Algorithm for the Nearly Equitable Edge Coloring Problem	0	0.0	1		Boaz Barak, Chi-Ning Chou, Zhixian Lei, Tselil Schramm, Yueqi Sheng, (Nearly) Efficient Algorithms for the Graph Matching Problem on Correlated Random Graphs	34
('Herrmann, Karl-Ernst', 2001)	Herrmann, Karl-Ernst	0	0.0	1		James P. Canning, Emma E. Ingram, Sammantha Nowak-Wolff, Adriana M. Ortiz, Nesreen K. Ahmed, Ryan A. Rossi, Karl R. B. Schmitt, Sucheta Soundarajan, Predicting Graph Categories from Structural Properties	56
('TensorSplat: Spotting Latent Anomalies in Time', 2012)	TensorSplat: Spotting Latent Anomalies in Time	0	0.0	1		Saba A. Al-Sayouri, Danai Koutra, Evangelos E. Papalexakis, Sarah S. Lam, SURREAL: SUbgraph Robust REpresentAtion Learning	27
('On Non-Hamiltonian Graphs for which every Vertex-Deleted Subgraph Is Traceable', 2017)	On Non-Hamiltonian Graphs for which every Vertex-Deleted Subgraph Is Traceable	0	0.0	1		Ameneh Farhadian, Almost every n-vertex graph is determined by its 3log2 n-vertex subgraphs	8
('Sensitivity of trained neural networks with threshold functions', None)	Sensitivity of trained neural networks with threshold functions	0	0.0	1		Ryan Flanagan, Lucas Lacasa, Emma K. Towlson, Sang Hoon Lee, Mason A. Porter, Effect of antipsychotics on community structure in functional brain networks	47
('Shawn Gu, Tijana Milenkovic, Graphlets versus node2vec and struc2vec in the task of network alignment', 'CITATION ONLY')	Local versus global biological network alignment	0	0.0	1		Shawn Gu, Tijana Milenkovic, Graphlets versus node2vec and struc2vec in the task of network alignment	39
('Heterogeneous subgraph features for information networks', 2018)	Heterogeneous subgraph features for information networks	1	1	0		Andreas Spitz, Diego Costa, Kai Chen, Jan Greulich, Johanna Gei√ü, Stefan Wiesberg, Michael Gertz, Heterogeneous Subgraph Features for Information Networks	47
('Hyper-graph matching via reweighted random walks', 2011)	Hyper-graph matching via reweighted random walks	1	1	0	./bibliographies\database56.txt	J. Lee, M. Cho, K.M. Lee, "Hyper-Graph Matching via Reweighted Random Walks", Proc. IEEE Conf. Computer Vision and Pattern Recognition (CVPR), pp. 1633-1640, 2011.	23
('Armand-Dumaresq, …douard Charles', 2011)	Armand-Dumaresq, …douard Charles	0	0.0	1		Edouard Grave, Armand Joulin, Quentin Berthet, Unsupervised Alignment of Embeddings with Wasserstein Procrustes	59
('Y. Ma, S. Cao, Y. Shi, I. Gutman, M. Dehmer, Boris Furtula, From the connectivity index to various randiƒá-Type descriptors', 'CITATION ONLY')	On atom-bond connectivity index	0	0.0	1		Y. Ma, S. Cao, Y. Shi, I. Gutman, M. Dehmer, Boris Furtula, From the connectivity index to various randiƒá-Type descriptors	147
('An Efficient Framework for Incremental Graph Computation', 2016)	An Efficient Framework for Incremental Graph Computation	0	0.0	1		Pin-Yu Chen, Lingfei Wu, Sijia Liu, Indika Rajapakse, Fast Incremental von Neumann Graph Entropy Computation: Theory Algorithm and Applications	58
('The graphlet spectrum', 2009)	The graphlet spectrum	0	0.0	1		Nino Shervashidze, S.V.N. Vishwanathan, Tobias H. Petri, Kurt Mehlhorn, Karsten M. Borgwardt, Efficient graphlet kernels for large graph comparison	18
('Erd\u0151s-RÈnyi Random Graph Revisited', None)	Erd\u0151s-RÈnyi Random Graph Revisited	0	0.0	1		P. Erdos, A. Renyi, On random graphs I	8
('Algorithms for Graph and Network Analysis: Graph Alignment', 2018)	Algorithms for Graph and Network Analysis: Graph Alignment	0	0.0	1		Christoph Dopmann, Survey on the Graph Alignment Problem and a Benchmark of Suitable Algorithms	36
('Michele Berlingerio, Danai Koutra, Tina Eliassi-Rad, Christos Faloutsos, NetSimile: A Scalable Approach to Size-Independent Network Similarity', 'CITATION ONLY')	Network similarity via multiple social theories	0	0.0	1		Michele Berlingerio, Danai Koutra, Tina Eliassi-Rad, Christos Faloutsos, NetSimile: A Scalable Approach to Size-Independent Network Similarity	34
('On Perfect Matching Coverings and Even Subgraph Coverings', 2015)	On Perfect Matching Coverings and Even Subgraph Coverings	0	0.0	1		Danai Koutra, Ankur Parikh, Aaditya Ramdas, Jing Xiang, Algorithms for Graph Similarity and Subgraph Matching	28
('Graph matching applications in pattern recognition and image processing', None)	Graph matching applications in pattern recognition and image processing	1	1	0		D. Conte, P. Foggia, C. Sansone, M. Vento, Graph matching applications in pattern recognition and image processing	41
('Liang Lin,  Xiaobai Liu,  Song-Chun Zhu, Layered Graph Matching with Composite Cluster Sampling', 'CITATION ONLY')	Layered graph matching by composite cluster sampling with collaborative and competitive interactions	0	0	0		Liang Lin,  Xiaobai Liu,  Song-Chun Zhu, Layered Graph Matching with Composite Cluster Sampling	37
('Many-to-many graph matching via metric embedding', None)	Many-to-many graph matching via metric embedding	1	1	0		Y. Keselman, A. Shokoufandeh, M.F. Demirci, S. Dickinson, Many-to-many graph matching via metric embedding	24
('Wenfei Fan, Jianzhong Li, Shuai Ma, Hongzhi Wang, Yinghui Wu, Graph homomorphism revisited for graph matching', 'CITATION ONLY')	ExpFinder: Finding experts by graph pattern matching	0	0.0	1		Wenfei Fan, Jianzhong Li, Shuai Ma, Hongzhi Wang, Yinghui Wu, Graph homomorphism revisited for graph matching	32
('Counterfeit iris detection based on texture analysis', 2008)	Counterfeit iris detection based on texture analysis	0	0.0	1		Zhenan Sun, Tieniu Tan, Xianchao Qiu, Graph Matching Iris Image Blocks with Local Binary Pattern	7
